Система автоматизации,AS
Абонент,ГПА1
Ретросистема,Текущий
Дата,29.01.18
Время,11:14:53
Длительность архива (сек),7200.00
Время предыстории (сек),7200.00

Дата,Время,Статус,Сообщение,Тип
29.01.2018,09:19:36.381,Пришло,ХР,Сообщение об изменении режима работы агрегата
29.01.2018,09:19:36.381,Снялось,ГР,Сообщение об изменении режима работы агрегата
29.01.2018,09:19:36.599,Пришло,Холодный резерв без газа,Режимное сообщение
29.01.2018,09:19:36.599,Снялось,Горячий резерв без газа,Режимное сообщение
29.01.2018,09:19:36.989,Пришло,УПС не готова к пуску,Предупреждение
29.01.2018,09:19:36.169,Пришло,Нет готовности УПС к пуску,Вход
29.01.2018,09:19:36.206,Пришло,АСПТ не готова к пуску,Предпусковые условия
29.01.2018,09:20:05.350,Заквитировано,УПС не готова к пуску,Предупреждение
29.01.2018,09:20:26.783,Пришло,Двери кожуха ГТУ открыты,Вход
29.01.2018,09:20:26.822,Пришло,Не закрыты двери кожуха ГТУ,Предпусковые условия
29.01.2018,09:20:27.604,Пришло,Открыты двери кожуха ГТУ,Предупреждение
29.01.2018,09:20:40.556,Заквитировано,Открыты двери кожуха ГТУ,Предупреждение
29.01.2018,09:23:50.587,Снялось,Включить 1 секцию электронагревателей укрытия кранов № 1,Выход
29.01.2018,09:23:50.587,Снялось,Включить 2 секцию электронагревателей укрытия кранов № 1,Выход
29.01.2018,09:23:50.784,Снялось,Электронагреватели 2 секции укр. кр. № 1 вкл.,Вход
29.01.2018,09:23:50.784,Снялось,Электронагреватели 1 секции укр. кр. № 1 вкл.,Вход
29.01.2018,09:24:12.990,Снялось,Включить электронагреватели МБД (ЭНБД),Выход
29.01.2018,09:24:13.189,Снялось,Электронагреватели  МБД (ЭНБД) включены,,Вход
29.01.2018,09:25:29.391,Снялось,Включить электронагреватели блока пожаротушения (ЭНБП),Выход
29.01.2018,09:25:29.587,Снялось,Электронагреватели ЭНБП блока пожаротушения  включены,,Вход
29.01.2018,09:29:32.213,Снялось,Открыты двери кожуха ГТУ,Предупреждение
29.01.2018,09:29:32.191,Снялось,Двери кожуха ГТУ открыты,Вход
29.01.2018,09:29:32.225,Снялось,Не закрыты двери кожуха ГТУ,Предпусковые условия
29.01.2018,09:29:35.831,Пришло,Не закрыты двери кожуха ГТУ,Предпусковые условия
29.01.2018,09:29:35.791,Пришло,Двери кожуха ГТУ открыты,Вход
29.01.2018,09:29:36.613,Пришло,Открыты двери кожуха ГТУ,Предупреждение
29.01.2018,09:29:40.155,Заквитировано,Открыты двери кожуха ГТУ,Предупреждение
29.01.2018,09:29:41.213,Снялось,Открыты двери кожуха ГТУ,Предупреждение
29.01.2018,09:29:41.190,Снялось,Двери кожуха ГТУ открыты,Вход
29.01.2018,09:29:41.224,Снялось,Не закрыты двери кожуха ГТУ,Предпусковые условия
29.01.2018,09:29:42.831,Пришло,Не закрыты двери кожуха ГТУ,Предпусковые условия
29.01.2018,09:29:42.792,Пришло,Двери кожуха ГТУ открыты,Вход
29.01.2018,09:29:43.613,Пришло,Открыты двери кожуха ГТУ,Предупреждение
29.01.2018,09:29:48.213,Снялось,Открыты двери кожуха ГТУ,Предупреждение
29.01.2018,09:29:48.427,Заквитировано,Открыты двери кожуха ГТУ,Предупреждение
29.01.2018,09:29:48.191,Снялось,Двери кожуха ГТУ открыты,Вход
29.01.2018,09:29:48.225,Снялось,Не закрыты двери кожуха ГТУ,Предпусковые условия
29.01.2018,09:37:14.188,Снялось,Нет готовности УПС к пуску,Вход
29.01.2018,09:37:14.222,Снялось,АСПТ не готова к пуску,Предпусковые условия
29.01.2018,09:37:14.620,Пришло,Горячий резерв без газа,Режимное сообщение
29.01.2018,09:37:14.402,Снялось,ХР,Сообщение об изменении режима работы агрегата
29.01.2018,09:37:14.402,Пришло,ГР,Сообщение об изменении режима работы агрегата
29.01.2018,09:37:14.620,Снялось,Холодный резерв без газа,Режимное сообщение
29.01.2018,09:37:14.210,Снялось,УПС не готова к пуску,Предупреждение
29.01.2018,09:37:53.611,Пришло,Блокировка АО от БЗА включена,Предупреждение
29.01.2018,09:37:53.620,Пришло,Контроль САУ,Режимное сообщение
29.01.2018,09:37:53.626,Пришло,Контроль САУ,Фаза технологического процесса
29.01.2018,09:37:53.621,Пришло,Идёт контроль БЗА,Фаза технологического процесса
29.01.2018,09:37:53.276,Пришло,PULT3. оператор: Команда "Пуск на кольцо",Команды оператора
29.01.2018,09:37:53.590,Пришло,Блокировка БЗА,Выход
29.01.2018,09:37:53.620,Пришло,Готов к АПК,Режимное сообщение
29.01.2018,09:37:53.792,Пришло,Контроль ИВ-Д-ПФ-5МТ.1,Выход
29.01.2018,09:37:53.600,Нажата кнопка,Пуск на кольцо,Кнопка
29.01.2018,09:37:54.590,Пришло,Контроль БЗА,Выход
29.01.2018,09:37:54.790,Пришло,Повышенная вибрация корпуса двигателя,Вход
29.01.2018,09:37:55.587,Пришло,Опасная вибрация корпуса двигателя,Вход
29.01.2018,09:37:56.590,Снялось,Контроль БЗА,Выход
29.01.2018,09:37:57.031,Заквитировано,Блокировка АО от БЗА включена,Предупреждение
29.01.2018,09:37:58.610,Снялось,Блокировка АО от БЗА включена,Предупреждение
29.01.2018,09:37:58.620,Снялось,Идёт контроль БЗА,Фаза технологического процесса
29.01.2018,09:37:58.590,Снялось,Блокировка БЗА,Выход
29.01.2018,09:38:00.392,Снялось,Контроль ИВ-Д-ПФ-5МТ.1,Выход
29.01.2018,09:38:01.987,Снялось,Опасная вибрация корпуса двигателя,Вход
29.01.2018,09:38:03.390,Снялось,Повышенная вибрация корпуса двигателя,Вход
29.01.2018,09:38:05.426,Снялось,Контроль САУ,Режимное сообщение
29.01.2018,09:38:05.428,Снялось,Контроль САУ,Фаза технологического процесса
29.01.2018,09:38:10.725,Пришло,PULT3. оператор: Команда "Пуск",Команды оператора
29.01.2018,09:38:11.222,Пришло,Открыть заслонку на выхлопе  АВОМД (ЗсМОД2),Выход
29.01.2018,09:38:11.253,Снялось,Блокировка АОсс,Фаза технологического процесса
29.01.2018,09:38:11.252,Снялось,Горячий резерв без газа,Режимное сообщение
29.01.2018,09:38:11.253,Снялось,Блокировка АОбс,Фаза технологического процесса
29.01.2018,09:38:11.258,Пришло,Предпусковая сигнализация,Фаза технологического процесса
29.01.2018,09:38:11.251,Снялось,НПМД в ДУ,Прочие сообщения
29.01.2018,09:38:11.252,Снялось,Готов к АПК,Режимное сообщение
29.01.2018,09:38:11.031,Нажата кнопка,Пуск,Кнопка
29.01.2018,09:38:11.031,Снялось,ГР,Сообщение об изменении режима работы агрегата
29.01.2018,09:38:11.245,Пришло,ЗсМОК закрыта,Предупреждение
29.01.2018,09:38:11.446,Снялось,ЗсМОК закрыта,Предупреждение
29.01.2018,09:38:11.220,Пришло,Вытяжной вентилятор № 1 ангара (ВВА1) вкл.,Вход
29.01.2018,09:38:11.222,Пришло,Открыть заслонку на всасе  АВОМН(ЗсМОК),Выход
29.01.2018,09:38:11.252,Снялось,Контроль ГР,Режимное сообщение
29.01.2018,09:38:11.050,Снялось,ВВА1 в ДУ,Прочие сообщения
29.01.2018,09:38:11.619,Снялось,Засл. на всасе возд. АВОМН (ЗсМОН) закр.,Вход
29.01.2018,09:38:11.222,Пришло,Открыть заслонку на всасе АВОМД (ЗсМОД1),Выход
29.01.2018,09:38:11.021,Пришло,Включить сирену перед пуском ГПА,Выход
29.01.2018,09:38:11.245,Пришло,ЗсМОД2 закрыта,Предупреждение
29.01.2018,09:38:11.446,Снялось,ЗсМОД2 закрыта,Предупреждение
29.01.2018,09:38:11.251,Снялось,НПМД в ДУ,Прочие сообщения
29.01.2018,09:38:11.245,Пришло,ЗсМОД1 закрыта,Предупреждение
29.01.2018,09:38:11.446,Снялось,ЗсМОД1 закрыта,Предупреждение
29.01.2018,09:38:11.021,Пришло,Включить вентилятор №1 вытяжной ангара (ВВА1),Выход
29.01.2018,09:38:11.039,Снялось,Разрешение кнопки "Деблокировка",Прочие сообщения
29.01.2018,09:38:11.222,Снялось,ГПА остановлен,Выход
29.01.2018,09:38:11.821,Снялось,Засл. на выхлопе возд. АВОМД (ЗсМОД2) закр.,Вход
29.01.2018,09:38:11.031,Пришло,АПК,Сообщение об изменении режима работы агрегата
29.01.2018,09:38:11.050,Пришло,Отключение АУ УТО,Прочие сообщения
29.01.2018,09:38:12.019,Снялось,Заслонка на всасе воздуха АВОМД (ЗсМОД1) закрыта,Вход
29.01.2018,09:38:20.220,Пришло,Засл. на выхлопе возд. АВОМД (ЗсМОД2) откр.,Вход
29.01.2018,09:38:20.245,Пришло,ЗсМОД2 открыта,Предупреждение
29.01.2018,09:38:21.823,Пришло,Включить компрессор №2 барьерного воздуха для СГУ,Выход
29.01.2018,09:38:21.621,Снялось,Включить сирену перед пуском ГПА,Выход
29.01.2018,09:38:21.823,Пришло,Открыть клапан № 3 системы охлаждения ГТУ (КВОД3),Выход
29.01.2018,09:38:21.019,Пришло,Засл.  на всасе возд. АВОМН (ЗсМОН) откр.,Вход
29.01.2018,09:38:21.621,Пришло,Открыть кран подачи масла в двигатель  (КПМД),Выход
29.01.2018,09:38:21.853,Снялось,КПМД закрыт,Вход
29.01.2018,09:38:21.823,Пришло,Включить вентилятор №1 обдува трансмиссии (ВОТ1),Выход
29.01.2018,09:38:21.859,Снялось,Предпусковая сигнализация,Фаза технологического процесса
29.01.2018,09:38:21.043,Пришло,ЗсМОК открыта,Предупреждение
29.01.2018,09:38:21.823,Пришло,Открыть клапан наддува кожуха ГТУ (КНГТУ),Выход
29.01.2018,09:38:21.857,Пришло,Пуск агрегата без газа в контуре нагнетателя,Режимное сообщение
29.01.2018,09:38:22.053,Пришло,Набор dP м/ду кожухом и ангаром,Фаза технологического процесса
29.01.2018,09:38:22.021,Пришло,Включить вентилятор КБВ2 (ВКБВ2),Выход
29.01.2018,09:38:22.018,Пришло,Компр. №2 барьерного возд. СГУ (КБВ2) вкл.,Вход
29.01.2018,09:38:22.051,Пришло,Пуск системы обеспечения воздухом СГУ,Режимное сообщение
29.01.2018,09:38:22.019,Пришло,Вентилятор №1 обдува трансмиссии (ВОТ1) вкл.,Вход
29.01.2018,09:38:22.019,Пришло,Заслонка на всасе воздуха АВОМД  (ЗсМОД1) открыта,Вход
29.01.2018,09:38:22.051,Пришло,Пуск системы наддува блока силового,Режимное сообщение
29.01.2018,09:38:22.045,Пришло,ЗсМОД1 открыта,Предупреждение
29.01.2018,09:38:22.053,Пришло,Набор Р в воздуховоде ОТ,Фаза технологического процесса
29.01.2018,09:38:22.051,Пришло,Пуск системы обдува трансмиссии,Режимное сообщение
29.01.2018,09:38:22.053,Пришло,Набор Р барьерного воздуха,Фаза технологического процесса
29.01.2018,09:38:22.219,Снялось,Кран подачи масла в двигатель  (КПМД) закр.,Вход
29.01.2018,09:38:22.020,Пришло,Вентилятор кожуха компрессора КБВ2 включен (ВКБВ2),Вход
29.01.2018,09:38:23.459,Пришло,Стабилизация Р в воздуховоде ОТ,Фаза технологического процесса
29.01.2018,09:38:23.653,Снялось,Набор Р барьерного воздуха,Фаза технологического процесса
29.01.2018,09:38:23.459,Снялось,Набор Р в воздуховоде ОТ,Фаза технологического процесса
29.01.2018,09:38:23.823,Снялось,Открыть заслонку на всасе  АВОМН(ЗсМОК),Выход
29.01.2018,09:38:23.021,Снялось,Открыть заслонку на выхлопе  АВОМД (ЗсМОД2),Выход
29.01.2018,09:38:23.653,Пришло,Стабилизация Р барьерного воздуха,Фаза технологического процесса
29.01.2018,09:38:24.433,Заквитировано,ЗсМОК открыта,Предупреждение
29.01.2018,09:38:24.433,Заквитировано,ЗсМОК закрыта,Предупреждение
29.01.2018,09:38:24.433,Заквитировано,ЗсМОД1 открыта,Предупреждение
29.01.2018,09:38:24.433,Заквитировано,ЗсМОД2 закрыта,Предупреждение
29.01.2018,09:38:24.822,Снялось,Открыть заслонку на всасе АВОМД (ЗсМОД1),Выход
29.01.2018,09:38:24.433,Заквитировано,ЗсМОД1 закрыта,Предупреждение
29.01.2018,09:38:24.433,Заквитировано,ЗсМОД2 открыта,Предупреждение
29.01.2018,09:38:33.851,Пришло,Защита по Pбв взведена,Прочие сообщения
29.01.2018,09:38:33.858,Снялось,Стабилизация Р в воздуховоде ОТ,Фаза технологического процесса
29.01.2018,09:38:33.851,Пришло,Защита по обдувау трансмиссии взведена,Прочие сообщения
29.01.2018,09:38:33.459,Снялось,Стабилизация Р барьерного воздуха,Фаза технологического процесса
29.01.2018,09:38:33.653,Пришло,Стабилизация Р барьерного воздуха,Фаза технологического процесса
29.01.2018,09:38:34.653,Пришло,Задержка пуска МСН,Фаза технологического процесса
29.01.2018,09:38:34.252,Снялось,Пуск системы обеспечения воздухом СГУ,Режимное сообщение
29.01.2018,09:38:34.252,Снялось,Пуск системы обдува трансмиссии,Режимное сообщение
29.01.2018,09:38:43.458,Снялось,Стабилизация Р барьерного воздуха,Фаза технологического процесса
29.01.2018,09:38:47.050,Пришло,КПМД открыт,Вход
29.01.2018,09:38:47.019,Пришло,Кран подачи масла в двигатель (КПМД) откр.,Вход
29.01.2018,09:38:49.824,Снялось,Открыть кран подачи масла в двигатель  (КПМД),Выход
29.01.2018,09:38:51.423,Пришло,Включить вентилятор №3 системы охлаждения ГТУ (ВОД3),Выход
29.01.2018,09:38:51.619,Пришло,Вентилятор №3 системы охлаж. ГТУ (ВОД3) вкл.,Вход
29.01.2018,09:38:59.821,Пришло,Клапан наддува кожуха ГТУ (КНГТУ) открыт,Вход
29.01.2018,09:38:59.823,Пришло,Включить вентилятор наддува кожуха ГТУ (ВНГТУ),Выход
29.01.2018,09:39:00.019,Пришло,Ветилятор наддува кожуха ГТУ (ВНГТУ) вкл.,Вход
29.01.2018,09:39:01.459,Пришло,Стабилизация dP м/ду кожухом и ангаром,Фаза технологического процесса
29.01.2018,09:39:01.459,Снялось,Набор dP м/ду кожухом и ангаром,Фаза технологического процесса
29.01.2018,09:39:11.410,Пришло,Включить секцию №1 ЭН №1 доп. подогрева барьерного воздуха (ЭНДП1-1),Выход
29.01.2018,09:39:11.606,Пришло,Секция №1 ЭН №1 доп. подогрева бар. воз. (ЭНДП1-1) вкл,Вход
29.01.2018,09:39:11.840,Пришло,Защита по dP между КШТ и ангаром взведена,Прочие сообщения
29.01.2018,09:39:11.847,Снялось,Стабилизация dP м/ду кожухом и ангаром,Фаза технологического процесса
29.01.2018,09:39:12.239,Снялось,Пуск системы наддува блока силового,Режимное сообщение
29.01.2018,09:39:12.640,Пришло,Пуск системы обеспечения газом СГУ,Режимное сообщение
29.01.2018,09:39:13.606,Снялось,Регул. клапан "газ-газ" панели СГУ закр., КВЗ,Вход
29.01.2018,09:39:28.606,Пришло,Кран 14 закрыт,Вход
29.01.2018,09:39:28.008,Пришло,Кран № 14 закрыть,Выход
29.01.2018,09:39:28.809,Пришло,Кран № 13 открыть,Выход
29.01.2018,09:39:28.606,Снялось,Кран 14 свечного сброса буферного газа откр.,Вход
29.01.2018,09:39:29.410,Пришло,Включить электронагреватель буферного газа (ЭНБГ),Выход
29.01.2018,09:39:29.840,Снялось,Пуск системы обеспечения газом СГУ,Режимное сообщение
29.01.2018,09:39:29.445,Пришло,Регулятор dP газ-газ в работе,Фаза технологического процесса
29.01.2018,09:39:29.407,Пришло,Кран № 13 подачи буферного газа открыт,Вход
29.01.2018,09:39:29.607,Пришло,Электронагреватель буферного газа (ЭНБГ) включен,Вход
29.01.2018,09:39:29.407,Снялось,Кран № 13 закрыт,Вход
29.01.2018,09:39:30.644,Снялось,Регулятор dP газ-газ в работе,Фаза технологического процесса
29.01.2018,09:39:31.409,Снялось,Кран № 14 закрыть,Выход
29.01.2018,09:39:32.208,Снялось,Кран № 13 открыть,Выход
29.01.2018,09:40:05.808,Пришло,Клапан № 3  сист. охлаждения ГТУ (КВОД3) открыт,Вход
29.01.2018,09:40:51.614,Пришло,Секция №2 ЭН №1 доп. подогрева бар. воз. (ЭНДП1-2) вкл,Вход
29.01.2018,09:40:51.417,Пришло,Включить секцию №2 ЭН №1 доп. подогрева барьерного воздуха (ЭНДП1-2),Выход
29.01.2018,09:41:27.055,Пришло,Регулятор dP газ-газ в работе,Фаза технологического процесса
29.01.2018,09:41:27.860,Снялось,Регулятор dP газ-газ в работе,Фаза технологического процесса
29.01.2018,09:41:28.256,Пришло,Регулятор dP газ-газ в работе,Фаза технологического процесса
29.01.2018,09:42:31.619,Пришло,Секция №3 ЭН №1 доп. подогрева бар. воз. (ЭНДП1-3) вкл,Вход
29.01.2018,09:42:31.423,Пришло,Включить секцию №3 ЭН №1 доп. подогрева барьерного воздуха (ЭНДП1-3),Выход
29.01.2018,09:43:34.460,Снялось,Задержка пуска МСН,Фаза технологического процесса
29.01.2018,09:43:34.618,Пришло,Насос смазки нагнетателя (НС2) вкл.,Вход
29.01.2018,09:43:34.422,Пришло,Включить резервный насос смазки нагнетателя  (НС2),Выход
29.01.2018,09:43:34.653,Пришло,Набор Р маслосмазки Н,Фаза технологического процесса
29.01.2018,09:43:34.458,Пришло,Пуск маслосмазки нагнетателя,Режимное сообщение
29.01.2018,09:44:11.619,Пришло,Секция №1 ЭН №2 доп. подогрева бар. воз. (ЭНДП2-1) вкл,Вход
29.01.2018,09:44:11.422,Пришло,Включить секцию №1 ЭН №2 доп. подогрева барьерного воздуха (ЭНДП2-1),Выход
29.01.2018,09:44:18.458,Снялось,Набор Р маслосмазки Н,Фаза технологического процесса
29.01.2018,09:44:18.652,Пришло,Стабилизация Р маслосмазки Н,Фаза технологического процесса
29.01.2018,09:44:38.857,Снялось,Стабилизация Р маслосмазки Н,Фаза технологического процесса
29.01.2018,09:44:38.850,Пришло,Защита по Рсмс К взведена,Прочие сообщения
29.01.2018,09:44:39.621,Пришло,Кран № 4 открыть,Выход
29.01.2018,09:44:39.251,Снялось,Пуск маслосмазки нагнетателя,Режимное сообщение
29.01.2018,09:44:39.652,Пришло,Заполнение контура нагнетателя,Режимное сообщение
29.01.2018,09:44:39.642,Пришло,Низкий уровень масла в баке напорном БН нагнетателя,Предупреждение
29.01.2018,09:44:40.419,Пришло,Кран № 4 открыт,Вход
29.01.2018,09:44:40.419,Снялось,Кран № 4 закрыт,Вход
29.01.2018,09:44:40.656,Пришло,Продувка контура Н,Фаза технологического процесса
29.01.2018,09:44:43.221,Снялось,Кран № 4 открыть,Выход
29.01.2018,09:44:46.219,Пришло,Нет готовности УПС к пуску,Вход
29.01.2018,09:44:47.040,Пришло,УПС не готова к пуску,Предупреждение
29.01.2018,09:44:48.521,Заквитировано,УПС не готова к пуску,Предупреждение
29.01.2018,09:44:48.521,Заквитировано,Низкий уровень масла в баке напорном БН нагнетателя,Предупреждение
29.01.2018,09:44:51.420,Снялось,Кран № 5 открыт,Вход
29.01.2018,09:44:51.019,Пришло,Кран № 5 закрыть,Выход
29.01.2018,09:44:51.052,Снялось,Продувка контура Н,Фаза технологического процесса
29.01.2018,09:44:52.458,Пришло,Набор Рг в контуре Н,Фаза технологического процесса
29.01.2018,09:44:52.018,Пришло,Кран № 5 закрыт,Вход
29.01.2018,09:44:54.824,Снялось,Кран № 5 закрыть,Выход
29.01.2018,09:45:01.641,Снялось,УПС не готова к пуску,Предупреждение
29.01.2018,09:45:01.618,Снялось,Нет готовности УПС к пуску,Вход
29.01.2018,09:45:06.649,Пришло,Защита по Pбг взведена,Прочие сообщения
29.01.2018,09:45:06.651,Пришло,Газ в контуре Н,Фаза технологического процесса
29.01.2018,09:45:07.446,Пришло,Низкое Рбг на выходе 1-ой ступени СГУ (ст. привода),Предупреждение
29.01.2018,09:45:07.446,Пришло,Низкое Рбг на выходе 1-ой ст. СГУ (ст. обслуживания),Предупреждение
29.01.2018,09:45:08.446,Пришло,Низкий перепад давления "газ-газ" на лабиринтах Н ЗОН,Предупреждение
29.01.2018,09:45:12.887,Заквитировано,Низкий перепад давления "газ-газ" на лабиринтах Н ЗОН,Предупреждение
29.01.2018,09:45:12.887,Заквитировано,Низкое Рбг на выходе 1-ой ступени СГУ (ст. привода),Предупреждение
29.01.2018,09:45:12.642,Снялось,Низкое Рбг на выходе 1-ой ст. СГУ (ст. обслуживания),Предупреждение
29.01.2018,09:45:12.887,Заквитировано,Низкое Рбг на выходе 1-ой ст. СГУ (ст. обслуживания),Предупреждение
29.01.2018,09:45:15.642,Снялось,Низкое Рбг на выходе 1-ой ступени СГУ (ст. привода),Предупреждение
29.01.2018,09:45:27.246,Пришло,Пониженный Qбг на входе 1-й ступени СГУ2 (ст. обслуж),Предупреждение
29.01.2018,09:45:30.654,Пришло,Ремонт дискретных каналов,Фаза технологического процесса
29.01.2018,09:45:30.029,Пришло,Ремонт: Конц. метана после 2 ст. СГУ переднего выс.,Прочие сообщения
29.01.2018,09:45:30.198,Пришло,PULT3. оператор: Команда "Ремонт: Конц. метана после 2 ст. СГУ переднего выс.",Команды оператора
29.01.2018,09:45:31.464,Пришло,PULT3. оператор: Команда "Ремонт: Конц. метана после 2 ст. СГУ заднего  выс.",Команды оператора
29.01.2018,09:45:31.431,Пришло,Ремонт: Конц. метана после 2 ст. СГУ заднего  выс.,Прочие сообщения
29.01.2018,09:45:33.247,Пришло,Пониженный Qбг на входе 1-й ступени СГУ1 (ст. привода),Предупреждение
29.01.2018,09:45:34.844,Заквитировано,Пониженный Qбг на входе 1-й ступени СГУ1 (ст. привода),Предупреждение
29.01.2018,09:45:34.844,Заквитировано,Пониженный Qбг на входе 1-й ступени СГУ2 (ст. обслуж),Предупреждение
29.01.2018,09:47:03.854,Снялось,Низкий уровень масла в баке напорном БН нагнетателя,Предупреждение
29.01.2018,09:47:03.429,Пришло,Перепад  давления на кране 1 меньше 0,1МПа,Вход
29.01.2018,09:47:30.450,Пришло,Низкий уровень в МБК. Дозаправка,Предупреждение
29.01.2018,09:47:34.554,Заквитировано,Низкий уровень в МБК. Дозаправка,Предупреждение
29.01.2018,09:47:44.861,Снялось,Набор Рг в контуре Н,Фаза технологического процесса
29.01.2018,09:47:44.624,Пришло,Кран № 1 открыть,Выход
29.01.2018,09:47:45.621,Снялось,Кран № 1 закрыт,Вход
29.01.2018,09:47:48.620,Пришло,Кран № 1 открыт,Вход
29.01.2018,09:47:48.824,Пришло,Кран № 4 закрыть,Выход
29.01.2018,09:47:49.621,Снялось,Кран № 6р (АПК) открыт,Вход
29.01.2018,09:47:49.224,Снялось,Кран № 4 открыт,Вход
29.01.2018,09:47:49.224,Пришло,Кран № 4 закрыт,Вход
29.01.2018,09:47:50.223,Пришло,Кран № 6 открыть,Выход
29.01.2018,09:47:50.022,Пришло,Кран № 6р (АПК) закрыт,Вход
29.01.2018,09:47:51.424,Снялось,Кран № 1 открыть,Выход
29.01.2018,09:47:52.021,Снялось,Кран № 6 закрыт,Вход
29.01.2018,09:47:52.022,Снялось,Кран № 4 закрыть,Выход
29.01.2018,09:47:57.422,Пришло,Кран № 6 открыт,Вход
29.01.2018,09:47:57.855,Снялось,Заполнение контура нагнетателя,Режимное сообщение
29.01.2018,09:47:58.424,Пришло,Кран № 9 закрыть,Выход
29.01.2018,09:47:58.823,Снялось,Кран № 9 открыт,Вход
29.01.2018,09:47:58.823,Пришло,Кран № 9 закрыт,Вход
29.01.2018,09:47:58.654,Пришло,Пуск системы подачи топливного газа,Режимное сообщение
29.01.2018,09:47:58.425,Пришло,Открыть заслонку байпасного блока УТО (ЗсБ),Выход
29.01.2018,09:47:58.253,Снялось,Пуск агрегата без газа в контуре нагнетателя,Режимное сообщение
29.01.2018,09:47:59.022,Снялось,Заслонка байпасного блока УТО закрыта,Вход
29.01.2018,09:48:00.222,Снялось,Кран № 6 открыть,Выход
29.01.2018,09:48:01.623,Снялось,Кран № 9 закрыть,Выход
29.01.2018,09:48:12.830,Снялось,Открыть заслонку байпасного блока УТО (ЗсБ),Выход
29.01.2018,09:48:12.826,Пришло,Заслонка байпасного  блока УТО открыта,Вход
29.01.2018,09:48:13.829,Пришло,Открыть клапан № 2 системы охлаждения ГТУ (КВОД2),Выход
29.01.2018,09:48:14.057,Пришло,Пуск системы охлаждения двигателя,Режимное сообщение
29.01.2018,09:48:14.059,Пришло,Набор Qв тракта обдува Д,Фаза технологического процесса
29.01.2018,09:48:33.628,Пришло,Открыть клапан № 5 на выхлопе системы охлаждения ГТУ (КВОД5),Выход
29.01.2018,09:48:33.651,Снялось,Низкий уровень в МБК. Дозаправка,Предупреждение
29.01.2018,09:48:33.628,Пришло,Открыть клапан КВОД4 на выхлопе системы охлаждения ГТУ,Выход
29.01.2018,09:48:43.429,Пришло,Включить вентилятор №2 системы охлаждения ГТУ (ВОД2),Выход
29.01.2018,09:48:43.626,Пришло,Вентилятор №2 обдува двигателя  (ВОД2) вкл.,Вход
29.01.2018,09:49:06.826,Снялось,Расход воздуха тракта обдува двигателя низ.,Вход
29.01.2018,09:49:06.865,Снялось,Набор Qв тракта обдува Д,Фаза технологического процесса
29.01.2018,09:49:06.865,Пришло,Стабилизация Qв тракта обдува Д,Фаза технологического процесса
29.01.2018,09:49:31.014,Пришло,Нет готовности УПС к пуску,Вход
29.01.2018,09:49:31.838,Пришло,УПС не готова к пуску,Предупреждение
29.01.2018,09:49:35.759,Заквитировано,УПС не готова к пуску,Предупреждение
29.01.2018,09:49:36.848,Пришло,Защита по Qв через двигатель взведена,Прочие сообщения
29.01.2018,09:49:36.855,Снялось,Стабилизация Qв тракта обдува Д,Фаза технологического процесса
29.01.2018,09:49:37.246,Снялось,Пуск системы охлаждения двигателя,Режимное сообщение
29.01.2018,09:49:37.015,Пришло,Кран № 12 открыть,Выход
29.01.2018,09:49:38.214,Снялось,Кран № 12 закрыт,Вход
29.01.2018,09:49:38.214,Пришло,Кран № 12 открыт,Вход
29.01.2018,09:49:38.418,Пришло,Открыть кран  на свечу после фильтров топливного газа  (КСГС),Выход
29.01.2018,09:49:38.838,Пришло,Повышенный перепад давления на фильтрах топливного газа,Предупреждение
29.01.2018,09:49:39.236,Снялось,Повышенный перепад давления на фильтрах топливного газа,Предупреждение
29.01.2018,09:49:40.816,Снялось,Кр. на свечу после фильт. топл. газа (КСГС) закр.,Вход
29.01.2018,09:49:41.015,Снялось,Кран № 12 открыть,Выход
29.01.2018,09:49:45.084,Заквитировано,Повышенный перепад давления на фильтрах топливного газа,Предупреждение
29.01.2018,09:49:54.618,Пришло,Клапан № 2  сист. охлаждения ГТУ  (КВОД2) открыт,Вход
29.01.2018,09:50:05.816,Пришло,Кр. на свечу после фильт. топл. газа (КСГС) откр.,Вход
29.01.2018,09:50:06.048,Пришло,Продувка контура ТГ,Фаза технологического процесса
29.01.2018,09:50:08.636,Снялось,Открыть кран  на свечу после фильтров топливного газа  (КСГС),Выход
29.01.2018,09:50:11.235,Снялось,Включить электронагреватели на раме ГТУ (ЭНРГТУ),Выход
29.01.2018,09:50:11.436,Снялось,Электронагреватели на раме под КГТУ включены,  ЭНРГТУ,Вход
29.01.2018,09:50:11.234,Пришло,Клапан № 4-1   сист. охлаждения ГТУ (КВОД4) открыт,Вход
29.01.2018,09:50:21.635,Пришло,Сраб. муфты огран. момента  КСГС,Вход
29.01.2018,09:50:21.473,Снялось,Продувка контура ТГ,Фаза технологического процесса
29.01.2018,09:50:21.835,Пришло,Кр. на свечу после фильт. топл. газа (КСГС) закр.,Вход
29.01.2018,09:50:21.635,Снялось,Кр. на свечу после фильт. топл. газа (КСГС) откр.,Вход
29.01.2018,09:50:21.437,Пришло,Закрыть кран  на свечу после фильтров топливного газа (КСГС),Выход
29.01.2018,09:50:21.873,Пришло,Стабилизация Р топливного газа,Фаза технологического процесса
29.01.2018,09:50:24.636,Снялось,Закрыть кран  на свечу после фильтров топливного газа (КСГС),Выход
29.01.2018,09:50:30.837,Снялось,Включить электронагреватель буферного газа (ЭНБГ),Выход
29.01.2018,09:50:31.233,Снялось,Сраб. муфты огран. момента  КСГС,Вход
29.01.2018,09:50:31.034,Снялось,Электронагреватель буферного газа (ЭНБГ) включен,Вход
29.01.2018,09:50:51.867,Пришло,Защита по Ртг взведена,Прочие сообщения
29.01.2018,09:50:51.874,Снялось,Стабилизация Р топливного газа,Фаза технологического процесса
29.01.2018,09:50:52.666,Пришло,Запуск Д,Режимное сообщение
29.01.2018,09:50:52.265,Снялось,Пуск системы подачи топливного газа,Режимное сообщение
29.01.2018,09:50:53.065,Пришло,Запись архива запуска,Фаза технологического процесса
29.01.2018,09:50:53.034,Пришло,Включить электростартер,Выход
29.01.2018,09:50:53.234,Снялось,Готовность электростартера,Вход
29.01.2018,09:50:53.267,Пришло,Запуск Д,Фаза технологического процесса
29.01.2018,09:51:06.441,Снялось,СН ИМ: Открыть КПГ и КПВЗ,Неисправность выходов
29.01.2018,09:51:06.238,Пришло,СН ИМ: Открыть КПГ и КПВЗ,Неисправность выходов
29.01.2018,09:51:06.539,Пришло,Неисправность выходов,Предупредительное обобщенное сообщение контроля САУ
29.01.2018,09:51:06.238,Пришло,СН ИМ: Открыть КПВ,Неисправность выходов
29.01.2018,09:51:06.441,Снялось,СН ИМ: Открыть КПВ,Неисправность выходов
29.01.2018,09:51:06.234,Пришло,Открыть КПВ,Выход
29.01.2018,09:51:06.234,Пришло,Открыть КПГ и КПВЗ,Выход
29.01.2018,09:51:07.539,Снялось,Неисправность выходов,Обобщенное сообщение САУ снялось
29.01.2018,09:51:09.805,Заквитировано,Неисправность выходов,Предупредительное обобщенное сообщение контроля САУ
29.01.2018,09:51:11.128,Заквитировано,СН ИМ: Открыть КПВ,Неисправность выходов
29.01.2018,09:51:11.128,Заквитировано,СН ИМ: Открыть КПГ и КПВЗ,Неисправность выходов
29.01.2018,09:51:33.661,Пришло,Не включен КВОД5,Предупреждение
29.01.2018,09:51:36.393,Заквитировано,Не включен КВОД5,Предупреждение
29.01.2018,09:52:28.251,Снялось,СН ИМ: Включить зажигание (1 канал),Неисправность выходов
29.01.2018,09:52:28.050,Пришло,СН ИМ: Включить зажигание (1 канал),Неисправность выходов
29.01.2018,09:52:28.251,Снялось,СН ИМ: Включить зажигание (2 канал),Неисправность выходов
29.01.2018,09:52:28.050,Пришло,СН ИМ: Включить зажигание (2 канал),Неисправность выходов
29.01.2018,09:52:28.046,Пришло,Включить зажигание (2 канал),Выход
29.01.2018,09:52:28.545,Пришло,Неисправность выходов,Предупредительное обобщенное сообщение контроля САУ
29.01.2018,09:52:28.545,Снялось,Неисправность выходов,Обобщенное сообщение САУ снялось
29.01.2018,09:52:28.046,Пришло,Включить зажигание (1 канал),Выход
29.01.2018,09:52:32.877,Пришло,Контур розжига,Прочие сообщения
29.01.2018,09:52:33.047,Пришло,Открыть СК,Выход
29.01.2018,09:52:33.446,Снялось,СК закрыт,Вход
29.01.2018,09:52:33.050,Пришло,СН ИМ: Открыть СК,Неисправность выходов
29.01.2018,09:52:33.253,Снялось,СН ИМ: Открыть СК,Неисправность выходов
29.01.2018,09:52:34.905,Заквитировано,СН ИМ: Открыть СК,Неисправность выходов
29.01.2018,09:52:34.106,Заквитировано,Неисправность выходов,Предупредительное обобщенное сообщение контроля САУ
29.01.2018,09:52:34.905,Заквитировано,СН ИМ: Включить зажигание (2 канал),Неисправность выходов
29.01.2018,09:52:34.905,Заквитировано,СН ИМ: Включить зажигание (1 канал),Неисправность выходов
29.01.2018,09:52:36.878,Пришло,Розжиг камеры сгорания,Прочие сообщения
29.01.2018,09:52:39.478,Снялось,Контур розжига,Прочие сообщения
29.01.2018,09:52:39.449,Пришло,Повышенная мощность электростартера,Выход
29.01.2018,09:52:39.676,Пришло,Контур n с точкой на запуске,Прочие сообщения
29.01.2018,09:52:39.878,Снялось,Контур n с точкой на запуске,Прочие сообщения
29.01.2018,09:52:40.076,Пришло,Контур n с точкой на запуске,Прочие сообщения
29.01.2018,09:52:40.277,Снялось,Контур n с точкой на запуске,Прочие сообщения
29.01.2018,09:52:43.479,Пришло,Контур n с точкой на запуске,Прочие сообщения
29.01.2018,09:52:43.676,Снялось,Контур n с точкой на запуске,Прочие сообщения
29.01.2018,09:52:45.077,Пришло,Контур n с точкой на запуске,Прочие сообщения
29.01.2018,09:52:45.275,Снялось,Контур n с точкой на запуске,Прочие сообщения
29.01.2018,09:52:45.479,Пришло,Контур n с точкой на запуске,Прочие сообщения
29.01.2018,09:52:45.676,Снялось,Контур n с точкой на запуске,Прочие сообщения
29.01.2018,09:52:47.077,Пришло,Контур n с точкой на запуске,Прочие сообщения
29.01.2018,09:52:47.276,Снялось,Контур n с точкой на запуске,Прочие сообщения
29.01.2018,09:52:47.483,Пришло,Контур n с точкой на запуске,Прочие сообщения
29.01.2018,09:52:47.676,Снялось,Контур n с точкой на запуске,Прочие сообщения
29.01.2018,09:52:48.076,Пришло,Контур n с точкой на запуске,Прочие сообщения
29.01.2018,09:52:48.276,Снялось,Контур n с точкой на запуске,Прочие сообщения
29.01.2018,09:52:48.483,Пришло,Контур n с точкой на запуске,Прочие сообщения
29.01.2018,09:52:49.646,Снялось,Кран № 6р (АПК) закрыт,Вход
29.01.2018,09:52:50.647,Пришло,Кран № 6р (АПК) открыт,Вход
29.01.2018,09:52:54.850,Снялось,Включить зажигание (2 канал),Выход
29.01.2018,09:52:54.850,Снялось,Включить зажигание (1 канал),Выход
29.01.2018,09:53:03.047,Пришло,КПВЗ и КПГ открыты,Вход
29.01.2018,09:53:11.475,Снялось,Контур n с точкой на запуске,Прочие сообщения
29.01.2018,09:53:11.667,Пришло,Контур n с точкой на запуске,Прочие сообщения
29.01.2018,09:53:16.266,Снялось,Контур n с точкой на запуске,Прочие сообщения
29.01.2018,09:53:16.474,Пришло,Контур n с точкой на запуске,Прочие сообщения
29.01.2018,09:53:20.068,Снялось,Контур n с точкой на запуске,Прочие сообщения
29.01.2018,09:53:20.267,Пришло,Контур n с точкой на запуске,Прочие сообщения
29.01.2018,09:53:20.475,Снялось,Контур n с точкой на запуске,Прочие сообщения
29.01.2018,09:53:20.873,Пришло,Контур n с точкой на запуске,Прочие сообщения
29.01.2018,09:53:22.268,Снялось,Контур n с точкой на запуске,Прочие сообщения
29.01.2018,09:53:22.474,Пришло,Контур n с точкой на запуске,Прочие сообщения
29.01.2018,09:53:24.067,Снялось,Контур n с точкой на запуске,Прочие сообщения
29.01.2018,09:53:24.267,Пришло,Контур n с точкой на запуске,Прочие сообщения
29.01.2018,09:53:25.269,Снялось,Контур n с точкой на запуске,Прочие сообщения
29.01.2018,09:53:25.475,Пришло,Контур n с точкой на запуске,Прочие сообщения
29.01.2018,09:53:25.869,Снялось,Контур n с точкой на запуске,Прочие сообщения
29.01.2018,09:53:26.066,Пришло,Контур n с точкой на запуске,Прочие сообщения
29.01.2018,09:53:27.267,Снялось,Контур n с точкой на запуске,Прочие сообщения
29.01.2018,09:53:27.476,Пришло,Контур n с точкой на запуске,Прочие сообщения
29.01.2018,09:53:29.067,Снялось,Контур n с точкой на запуске,Прочие сообщения
29.01.2018,09:53:29.266,Пришло,Контур n с точкой на запуске,Прочие сообщения
29.01.2018,09:53:29.474,Снялось,Контур n с точкой на запуске,Прочие сообщения
29.01.2018,09:53:29.668,Пришло,Контур n с точкой на запуске,Прочие сообщения
29.01.2018,09:53:30.638,Пришло,Готовность 2 (БЗА),Вход
29.01.2018,09:53:31.267,Снялось,Контур n с точкой на запуске,Прочие сообщения
29.01.2018,09:53:32.067,Пришло,Контур n с точкой на запуске,Прочие сообщения
29.01.2018,09:53:33.267,Снялось,Контур n с точкой на запуске,Прочие сообщения
29.01.2018,09:53:33.473,Пришло,Контур n с точкой на запуске,Прочие сообщения
29.01.2018,09:53:36.038,Снялось,Открыть КПГ и КПВЗ,Выход
29.01.2018,09:53:36.239,Снялось,Повышенная мощность электростартера,Выход
29.01.2018,09:53:36.473,Пришло,Нет готовности электростартера,Предупреждение
29.01.2018,09:53:36.239,Снялось,Включить электростартер,Выход
29.01.2018,09:53:36.638,Снялось,КПВЗ и КПГ открыты,Вход
29.01.2018,09:53:42.267,Снялось,Нет готовности электростартера,Предупреждение
29.01.2018,09:53:42.720,Заквитировано,Нет готовности электростартера,Предупреждение
29.01.2018,09:53:47.268,Снялось,Контур n с точкой на запуске,Прочие сообщения
29.01.2018,09:53:47.268,Пришло,Контур прогрева на минимальном режиме,Прочие сообщения
29.01.2018,09:53:50.446,Пришло,СН ИМ: Открыть КПВ,Неисправность выходов
29.01.2018,09:53:50.642,Снялось,СН ИМ: Открыть КПВ,Неисправность выходов
29.01.2018,09:53:50.442,Снялось,Открыть КПВ,Выход
29.01.2018,09:53:51.037,Снялось,КПВ открыты,Вход
29.01.2018,09:53:51.549,Пришло,Неисправность выходов,Предупредительное обобщенное сообщение контроля САУ
29.01.2018,09:53:51.549,Снялось,Неисправность выходов,Обобщенное сообщение САУ снялось
29.01.2018,09:53:54.219,Заквитировано,Неисправность выходов,Предупредительное обобщенное сообщение контроля САУ
29.01.2018,09:53:55.053,Заквитировано,СН ИМ: Открыть КПВ,Неисправность выходов
29.01.2018,09:54:03.879,Снялось,Запуск Д,Фаза технологического процесса
29.01.2018,09:54:03.675,Пришло,Прогрев Д,Фаза технологического процесса
29.01.2018,09:54:03.669,Пришло,Двигатель на малом газу,Режимное сообщение
29.01.2018,09:54:03.268,Пришло,Контур ограничения ГГ на мин. режиме,Прочие сообщения
29.01.2018,09:54:26.477,Снялось,Регулятор dPгаз-газ в ДУ,Прочие сообщения
29.01.2018,09:54:26.458,Нажата кнопка,Отключить ДУ регулятором dPгг,Кнопка
29.01.2018,09:54:26.184,Пришло,PULT3. оператор: Команда "Отключить ДУ регулятором dPгг",Команды оператора
29.01.2018,09:54:33.866,Снялось,Пониженный Qбг на входе 1-й ступени СГУ1 (ст. привода),Предупреждение
29.01.2018,09:54:33.468,Снялось,Пониженный Qбг на входе 1-й ступени СГУ2 (ст. обслуж),Предупреждение
29.01.2018,09:54:35.260,Снялось,Низкий перепад давления "газ-газ" на лабиринтах Н ЗОН,Предупреждение
29.01.2018,09:55:27.839,Снялось,Ветилятор наддува кожуха ГТУ (ВНГТУ) вкл.,Вход
29.01.2018,09:55:27.638,Снялось,Включить вентилятор наддува кожуха ГТУ (ВНГТУ),Выход
29.01.2018,09:55:27.440,Снялось,Открыть клапан наддува кожуха ГТУ (КНГТУ),Выход
29.01.2018,09:55:30.439,Снялось,Клапан наддува кожуха ГТУ (КНГТУ) открыт,Вход
29.01.2018,09:56:03.479,Снялось,Прогрев Д,Фаза технологического процесса
29.01.2018,09:56:03.668,Снялось,Запуск Д,Режимное сообщение
29.01.2018,09:56:03.266,Снялось,Контур прогрева на минимальном режиме,Прочие сообщения
29.01.2018,09:56:04.262,Снялось,ЗсМОК открыта,Предупреждение
29.01.2018,09:56:04.074,Пришло,Условия обледенения ГТУ,Фаза технологического процесса
29.01.2018,09:56:04.038,Пришло,Включить ПОС ГТУ,Выход
29.01.2018,09:56:04.262,Снялось,ЗсМОД1 открыта,Предупреждение
29.01.2018,09:56:04.038,Снялось,Включить ГКБВ,Выход
29.01.2018,09:56:04.038,Снялось,Включить питание электростартера,Выход
29.01.2018,09:56:04.262,Снялось,Режим кольцо,Предупреждение
29.01.2018,09:56:04.062,Пришло,Режим кольцо,Предупреждение
29.01.2018,09:56:04.069,Снялось,Запись архива запуска,Фаза технологического процесса
29.01.2018,09:56:04.262,Снялось,ЗсМОД2 открыта,Предупреждение
29.01.2018,09:56:04.047,Пришло,Кольцо,Сообщение об изменении режима работы агрегата
29.01.2018,09:56:04.237,Пришло,ПОС включена,Вход
29.01.2018,09:56:04.237,Снялось,Греющий кабель клапана блока вент. и обогрева (ГКБВ) вкл,Вход
29.01.2018,09:56:04.273,Пришло,Режим кольцо,Режимное сообщение
29.01.2018,09:56:04.067,Снялось,Отключение АУ УТО,Прочие сообщения
29.01.2018,09:56:04.048,Снялось,АПК,Сообщение об изменении режима работы агрегата
29.01.2018,09:56:14.473,Нажата кнопка,Стабилизация СТ вкл,Кнопка
29.01.2018,09:56:14.491,Пришло,Контур стабилизации СТ,Прочие сообщения
29.01.2018,09:56:14.492,Пришло,стабилизация СТ на режиме,Фаза технологического процесса
29.01.2018,09:56:14.105,Пришло,PULT3. оператор: Команда "Стабилизация СТ вкл",Команды оператора
29.01.2018,09:56:22.885,Снялось,Контур ограничения ГГ на мин. режиме,Прочие сообщения
29.01.2018,09:56:23.686,Снялось,Двигатель на малом газу,Режимное сообщение
29.01.2018,09:56:27.116,Заквитировано,Режим кольцо,Предупреждение
29.01.2018,09:57:15.748,Изменен,PULT3. оператор: 5910 -> 6500 : "Задание на N СТ, об/мин",Изменение настроек
29.01.2018,09:57:30.166,Изменен,PULT3. оператор: 6500 -> 7000 : "Задание на N СТ, об/мин",Изменение настроек
29.01.2018,09:57:36.437,Снялось,Включить секцию №3 ЭН №1 доп. подогрева барьерного воздуха (ЭНДП1-3),Выход
29.01.2018,09:57:36.634,Снялось,Секция №3 ЭН №1 доп. подогрева бар. воз. (ЭНДП1-3) вкл,Вход
29.01.2018,09:57:55.836,Пришло,Ручное управление включено, РУ,Вход
29.01.2018,09:57:56.656,Пришло,Не все ключи НКУ в положении "Автомат",Предупреждение
29.01.2018,09:58:01.087,Пришло,PULT3. оператор: Команда "Кольцо->Магистраль",Команды оператора
29.01.2018,09:58:01.451,Нажата кнопка,Кольцо->Магистраль,Кнопка
29.01.2018,09:58:01.665,Пришло,Переход К->М,Режимное сообщение
29.01.2018,09:58:01.451,Снялось,Кольцо,Сообщение об изменении режима работы агрегата
29.01.2018,09:58:01.669,Снялось,Режим кольцо,Режимное сообщение
29.01.2018,09:58:01.451,Пришло,К -> М,Сообщение об изменении режима работы агрегата
29.01.2018,09:58:02.634,Снялось,Засл.  на всасе возд. АВОМН (ЗсМОН) откр.,Вход
29.01.2018,09:58:02.635,Пришло,Открыть заслонку на всасе  АВОМН(ЗсМОК),Выход
29.01.2018,09:58:02.658,Пришло,Не открыт ЗсМОН,Предупреждение
29.01.2018,09:58:07.033,Снялось,Кран № 6р (АПК) открыт,Вход
29.01.2018,09:58:08.622,Заквитировано,Не открыт ЗсМОН,Предупреждение
29.01.2018,09:58:08.622,Заквитировано,Не все ключи НКУ в положении "Автомат",Предупреждение
29.01.2018,09:58:11.850,Пришло,Засл. на всасе возд. АВОМН (ЗсМОН) закр.,Вход
29.01.2018,09:58:16.647,Снялось,Засл. на всасе возд. АВОМН (ЗсМОН) закр.,Вход
29.01.2018,09:58:32.649,Снялось,Открыть заслонку на всасе  АВОМН(ЗсМОК),Выход
29.01.2018,09:59:15.872,Пришло,Кран № 2 открыть,Выход
29.01.2018,09:59:16.668,Снялось,Секция №2 ЭН №1 доп. подогрева бар. воз. (ЭНДП1-2) вкл,Вход
29.01.2018,09:59:16.473,Снялось,Включить секцию №2 ЭН №1 доп. подогрева барьерного воздуха (ЭНДП1-2),Выход
29.01.2018,09:59:16.908,Пришло,Огр. по макс. P газа на выходе Н,Предупреждение
29.01.2018,09:59:17.470,Снялось,Кран № 2 закрыт,Вход
29.01.2018,09:59:19.104,Снялось,Огр. по макс. P газа на выходе Н,Предупреждение
29.01.2018,09:59:20.668,Пришло,Конц. метана в лин. сбр. после 2 ст. СГУ задней опоры повыш.,Вход
29.01.2018,09:59:21.495,Пришло,Повыш. конц. метана за 2ой ст. СГУ (ст. обслуживания),Предупреждение
29.01.2018,09:59:21.731,Заквитировано,Огр. по макс. P газа на выходе Н,Предупреждение
29.01.2018,09:59:23.267,Пришло,Кран № 2 открыт,Вход
29.01.2018,09:59:26.070,Снялось,Кран № 2 открыть,Выход
29.01.2018,09:59:32.667,Пришло,Конц. метана после 2 ст. СГУ заднего  выс.,Вход
29.01.2018,09:59:38.726,Заквитировано,Повыш. конц. метана за 2ой ст. СГУ (ст. обслуживания),Предупреждение
29.01.2018,09:59:48.507,Снялось,Переход К->М,Режимное сообщение
29.01.2018,09:59:48.268,Пришло,Кран № 6р (АПК) закрыт,Вход
29.01.2018,09:59:48.508,Пришло,Режим магистраль,Режимное сообщение
29.01.2018,09:59:48.670,Пришло,Открыть задвижку подогрева циклового воздуха (ЗПЦВ),Выход
29.01.2018,09:59:48.279,Пришло,Магистраль,Сообщение об изменении режима работы агрегата
29.01.2018,09:59:48.279,Снялось,К -> М,Сообщение об изменении режима работы агрегата
29.01.2018,09:59:48.706,Пришло,Условия обледенения ВОУ,Фаза технологического процесса
29.01.2018,09:59:50.268,Снялось,Задвижка подогр. циклового воздуха (ЗПЦВ) закрыта,Вход
29.01.2018,10:00:36.674,Пришло,Задвижка подогр. циклового воздуха (ЗПЦВ) открыта,Вход
29.01.2018,10:00:37.710,Пришло,Работает ПОС ВОУ,Фаза технологического процесса
29.01.2018,10:00:39.478,Снялось,Открыть задвижку подогрева циклового воздуха (ЗПЦВ),Выход
29.01.2018,10:00:56.674,Снялось,Секция №1 ЭН №1 доп. подогрева бар. воз. (ЭНДП1-1) вкл,Вход
29.01.2018,10:00:56.478,Снялось,Включить секцию №1 ЭН №1 доп. подогрева барьерного воздуха (ЭНДП1-1),Выход
29.01.2018,10:01:28.635,Изменен,PULT1. оператор: 7000 -> 7100 : "Задание на N СТ, об/мин",Изменение настроек
29.01.2018,10:02:06.649,Пришло,АВОМД Режим  "Охлаждение",Вход
29.01.2018,10:02:06.649,Снялось,АВОМД Режим "Нагрев",Вход
29.01.2018,10:02:08.082,Пришло,АВОМД: Охлаждение режим 3,Прочие сообщения
29.01.2018,10:02:08.082,Пришло,АВОМД: Охлаждение,Прочие сообщения
29.01.2018,10:02:08.082,Снялось,АВОМД: Нагрев,Прочие сообщения
29.01.2018,10:02:16.203,Изменен,PULT1. оператор: 7100 -> 7200 : "Задание на N СТ, об/мин",Изменение настроек
29.01.2018,10:02:35.527,Изменен,PULT1. оператор: 7100 -> 7200 : "Задание на N СТ, об/мин",Изменение настроек
29.01.2018,10:03:29.379,Изменен,PULT1. оператор: 7200 -> 7150 : "Задание на N СТ, об/мин",Изменение настроек
29.01.2018,10:05:56.655,Снялось,Секция №1 ЭН №2 доп. подогрева бар. воз. (ЭНДП2-1) вкл,Вход
29.01.2018,10:05:56.460,Снялось,Включить секцию №1 ЭН №2 доп. подогрева барьерного воздуха (ЭНДП2-1),Выход
29.01.2018,10:06:30.859,Пришло,Компр. №1 барьерного возд. СГУ (КБВ1) вкл.,Вход
29.01.2018,10:06:30.861,Пришло,Включить вентилятор КБВ1 (ВКБВ1),Выход
29.01.2018,10:06:30.860,Пришло,Вентилятор кожуха компрессора КБВ1 включен (ВКБВ1),Вход
29.01.2018,10:06:30.659,Пришло,Включить компрессор №1 барьерного воздуха для СГУ,Выход
29.01.2018,10:06:30.670,Нажата кнопка,КБВ1 основной,Кнопка
29.01.2018,10:06:30.696,Пришло,Идет переключение КБВ,Предупреждение
29.01.2018,10:06:30.689,Пришло,КБВ1 основной,Прочие сообщения
29.01.2018,10:06:30.689,Снялось,КБВ2 основной,Прочие сообщения
29.01.2018,10:06:33.031,Заквитировано,Идет переключение КБВ,Предупреждение
29.01.2018,10:06:39.658,Снялось,Конц. метана после 2 ст. СГУ заднего  выс.,Вход
29.01.2018,10:06:50.861,Снялось,Включить компрессор №2 барьерного воздуха для СГУ,Выход
29.01.2018,10:06:50.898,Снялось,Идет переключение КБВ,Предупреждение
29.01.2018,10:06:51.258,Снялось,Вентилятор кожуха компрессора КБВ2 включен (ВКБВ2),Вход
29.01.2018,10:06:51.057,Снялось,Компр. №2 барьерного возд. СГУ (КБВ2) вкл.,Вход
29.01.2018,10:06:51.059,Снялось,Включить вентилятор КБВ2 (ВКБВ2),Выход
29.01.2018,10:06:53.550,Пришло,PULT1. оператор: Команда "Ремонт: Конц. метана после 2 ст. СГУ переднего выс.",Команды оператора
29.01.2018,10:06:55.565,Пришло,PULT1. оператор: Команда "Ремонт: Конц. метана после 2 ст. СГУ заднего  выс.",Команды оператора
29.01.2018,10:07:11.861,Пришло,Конц. метана после 2 ст. СГУ заднего  выс.,Вход
29.01.2018,10:07:55.307,Изменен,PULT1. оператор: 170 -> 150 : "Задание на dPгаз-газ, кПа",Изменение настроек
29.01.2018,10:09:58.887,Пришло,АВОМН Режим  "Охлаждение",Вход
29.01.2018,10:09:58.887,Снялось,АВОМН режим "Нагрев",Вход
29.01.2018,10:09:59.916,Пришло,АВОМН: Охлаждение,Прочие сообщения
29.01.2018,10:09:59.916,Снялось,АВОМН: Нагрев,Прочие сообщения
29.01.2018,10:09:59.916,Пришло,АВОМН: Охлаждение режим 3,Прочие сообщения
29.01.2018,10:12:09.078,Снялось,Обрыв ан.датч.: Т газа за ГГ (9),Обрыв цепи аналогового датчика
29.01.2018,10:12:09.277,Пришло,Обрыв ан.датч.: Т газа за ГГ (9),Обрыв цепи аналогового датчика
29.01.2018,10:12:09.879,Снялось,Обрыв ан.датч.: Т газа за ГГ (9),Обрыв цепи аналогового датчика
29.01.2018,10:12:09.541,Пришло,Обрыв цепи аналогового датчика,Предупредительное обобщенное сообщение контроля САУ
29.01.2018,10:12:10.077,Автоквитирование,Обрыв ан.датч.: Т газа за ГГ (9),Обрыв цепи аналогового датчика
29.01.2018,10:12:10.078,Пришло,Обрыв ан.датч.: Т газа за ГГ (9),Обрыв цепи аналогового датчика
29.01.2018,10:12:10.480,Снялось,Обрыв ан.датч.: Т газа за ГГ (9),Обрыв цепи аналогового датчика
29.01.2018,10:12:10.676,Автоквитирование,Обрыв ан.датч.: Т газа за ГГ (9),Обрыв цепи аналогового датчика
29.01.2018,10:12:10.677,Пришло,Обрыв ан.датч.: Т газа за ГГ (9),Обрыв цепи аналогового датчика
29.01.2018,10:12:13.078,Снялось,Обрыв ан.датч.: Т газа за ГГ (9),Обрыв цепи аналогового датчика
29.01.2018,10:12:13.276,Автоквитирование,Обрыв ан.датч.: Т газа за ГГ (9),Обрыв цепи аналогового датчика
29.01.2018,10:12:13.277,Пришло,Обрыв ан.датч.: Т газа за ГГ (9),Обрыв цепи аналогового датчика
29.01.2018,10:12:16.337,Заквитировано,Обрыв цепи аналогового датчика,Предупредительное обобщенное сообщение контроля САУ
29.01.2018,10:12:17.284,Заквитировано,Обрыв ан.датч.: Т газа за ГГ (9),Обрыв цепи аналогового датчика
29.01.2018,10:12:19.735,Изменен,PULT1. оператор: 7150 -> 7100 : "Задание на N СТ, об/мин",Изменение настроек
29.01.2018,10:12:22.677,Снялось,Обрыв ан.датч.: Т газа за ГГ (9),Обрыв цепи аналогового датчика
29.01.2018,10:12:22.879,Пришло,Обрыв ан.датч.: Т газа за ГГ (9),Обрыв цепи аналогового датчика
29.01.2018,10:12:23.539,Пришло,Обрыв цепи аналогового датчика,Предупредительное обобщенное сообщение контроля САУ
29.01.2018,10:12:24.677,Снялось,Обрыв ан.датч.: Т газа за ГГ (9),Обрыв цепи аналогового датчика
29.01.2018,10:12:24.878,Автоквитирование,Обрыв ан.датч.: Т газа за ГГ (9),Обрыв цепи аналогового датчика
29.01.2018,10:12:24.879,Пришло,Обрыв ан.датч.: Т газа за ГГ (9),Обрыв цепи аналогового датчика
29.01.2018,10:12:25.664,Заквитировано,Обрыв цепи аналогового датчика,Предупредительное обобщенное сообщение контроля САУ
29.01.2018,10:12:26.458,Заквитировано,Обрыв ан.датч.: Т газа за ГГ (9),Обрыв цепи аналогового датчика
29.01.2018,10:12:28.277,Снялось,Обрыв ан.датч.: Т газа за ГГ (9),Обрыв цепи аналогового датчика
29.01.2018,10:12:28.480,Пришло,Обрыв ан.датч.: Т газа за ГГ (9),Обрыв цепи аналогового датчика
29.01.2018,10:12:29.879,Снялось,Обрыв ан.датч.: Т газа за ГГ (9),Обрыв цепи аналогового датчика
29.01.2018,10:12:29.538,Пришло,Обрыв цепи аналогового датчика,Предупредительное обобщенное сообщение контроля САУ
29.01.2018,10:12:30.077,Автоквитирование,Обрыв ан.датч.: Т газа за ГГ (9),Обрыв цепи аналогового датчика
29.01.2018,10:12:30.078,Пришло,Обрыв ан.датч.: Т газа за ГГ (9),Обрыв цепи аналогового датчика
29.01.2018,10:12:30.879,Снялось,Обрыв ан.датч.: Т газа за ГГ (9),Обрыв цепи аналогового датчика
29.01.2018,10:12:31.076,Автоквитирование,Обрыв ан.датч.: Т газа за ГГ (9),Обрыв цепи аналогового датчика
29.01.2018,10:12:31.077,Пришло,Обрыв ан.датч.: Т газа за ГГ (9),Обрыв цепи аналогового датчика
29.01.2018,10:12:31.277,Снялось,Обрыв ан.датч.: Т газа за ГГ (9),Обрыв цепи аналогового датчика
29.01.2018,10:12:31.479,Автоквитирование,Обрыв ан.датч.: Т газа за ГГ (9),Обрыв цепи аналогового датчика
29.01.2018,10:12:31.480,Пришло,Обрыв ан.датч.: Т газа за ГГ (9),Обрыв цепи аналогового датчика
29.01.2018,10:12:32.278,Снялось,Обрыв ан.датч.: Т газа за ГГ (9),Обрыв цепи аналогового датчика
29.01.2018,10:12:32.479,Автоквитирование,Обрыв ан.датч.: Т газа за ГГ (9),Обрыв цепи аналогового датчика
29.01.2018,10:12:32.480,Пришло,Обрыв ан.датч.: Т газа за ГГ (9),Обрыв цепи аналогового датчика
29.01.2018,10:12:34.277,Снялось,Обрыв ан.датч.: Т газа за ГГ (9),Обрыв цепи аналогового датчика
29.01.2018,10:12:34.676,Автоквитирование,Обрыв ан.датч.: Т газа за ГГ (9),Обрыв цепи аналогового датчика
29.01.2018,10:12:34.677,Пришло,Обрыв ан.датч.: Т газа за ГГ (9),Обрыв цепи аналогового датчика
29.01.2018,10:12:36.078,Снялось,Обрыв ан.датч.: Т газа за ГГ (9),Обрыв цепи аналогового датчика
29.01.2018,10:12:36.276,Автоквитирование,Обрыв ан.датч.: Т газа за ГГ (9),Обрыв цепи аналогового датчика
29.01.2018,10:12:36.277,Пришло,Обрыв ан.датч.: Т газа за ГГ (9),Обрыв цепи аналогового датчика
29.01.2018,10:12:36.480,Снялось,Обрыв ан.датч.: Т газа за ГГ (9),Обрыв цепи аналогового датчика
29.01.2018,10:12:36.878,Автоквитирование,Обрыв ан.датч.: Т газа за ГГ (9),Обрыв цепи аналогового датчика
29.01.2018,10:12:36.879,Пришло,Обрыв ан.датч.: Т газа за ГГ (9),Обрыв цепи аналогового датчика
29.01.2018,10:12:38.080,Снялось,Обрыв ан.датч.: Т газа за ГГ (9),Обрыв цепи аналогового датчика
29.01.2018,10:12:38.276,Автоквитирование,Обрыв ан.датч.: Т газа за ГГ (9),Обрыв цепи аналогового датчика
29.01.2018,10:12:38.277,Пришло,Обрыв ан.датч.: Т газа за ГГ (9),Обрыв цепи аналогового датчика
29.01.2018,10:12:41.677,Снялось,Обрыв ан.датч.: Т газа за ГГ (9),Обрыв цепи аналогового датчика
29.01.2018,10:12:41.880,Автоквитирование,Обрыв ан.датч.: Т газа за ГГ (9),Обрыв цепи аналогового датчика
29.01.2018,10:12:41.881,Пришло,Обрыв ан.датч.: Т газа за ГГ (9),Обрыв цепи аналогового датчика
29.01.2018,10:12:42.480,Снялось,Обрыв ан.датч.: Т газа за ГГ (9),Обрыв цепи аналогового датчика
29.01.2018,10:12:42.878,Автоквитирование,Обрыв ан.датч.: Т газа за ГГ (9),Обрыв цепи аналогового датчика
29.01.2018,10:12:42.879,Пришло,Обрыв ан.датч.: Т газа за ГГ (9),Обрыв цепи аналогового датчика
29.01.2018,10:12:43.077,Снялось,Обрыв ан.датч.: Т газа за ГГ (9),Обрыв цепи аналогового датчика
29.01.2018,10:12:43.276,Автоквитирование,Обрыв ан.датч.: Т газа за ГГ (9),Обрыв цепи аналогового датчика
29.01.2018,10:12:43.277,Пришло,Обрыв ан.датч.: Т газа за ГГ (9),Обрыв цепи аналогового датчика
29.01.2018,10:12:43.482,Снялось,Обрыв ан.датч.: Т газа за ГГ (9),Обрыв цепи аналогового датчика
29.01.2018,10:12:43.676,Автоквитирование,Обрыв ан.датч.: Т газа за ГГ (9),Обрыв цепи аналогового датчика
29.01.2018,10:12:43.677,Пришло,Обрыв ан.датч.: Т газа за ГГ (9),Обрыв цепи аналогового датчика
29.01.2018,10:12:44.656,Заквитировано,Обрыв ан.датч.: Т газа за ГГ (9),Обрыв цепи аналогового датчика
29.01.2018,10:12:45.480,Снялось,Обрыв ан.датч.: Т газа за ГГ (9),Обрыв цепи аналогового датчика
29.01.2018,10:12:45.632,Заквитировано,Обрыв цепи аналогового датчика,Предупредительное обобщенное сообщение контроля САУ
29.01.2018,10:12:48.677,Пришло,Обрыв ан.датч.: Т газа за ГГ (9),Обрыв цепи аналогового датчика
29.01.2018,10:12:49.079,Снялось,Обрыв ан.датч.: Т газа за ГГ (9),Обрыв цепи аналогового датчика
29.01.2018,10:12:49.878,Автоквитирование,Обрыв ан.датч.: Т газа за ГГ (9),Обрыв цепи аналогового датчика
29.01.2018,10:12:49.879,Пришло,Обрыв ан.датч.: Т газа за ГГ (9),Обрыв цепи аналогового датчика
29.01.2018,10:12:49.538,Пришло,Обрыв цепи аналогового датчика,Предупредительное обобщенное сообщение контроля САУ
29.01.2018,10:12:50.632,Заквитировано,Обрыв цепи аналогового датчика,Предупредительное обобщенное сообщение контроля САУ
29.01.2018,10:12:50.078,Снялось,Обрыв ан.датч.: Т газа за ГГ (9),Обрыв цепи аналогового датчика
29.01.2018,10:12:50.276,Автоквитирование,Обрыв ан.датч.: Т газа за ГГ (9),Обрыв цепи аналогового датчика
29.01.2018,10:12:50.277,Пришло,Обрыв ан.датч.: Т газа за ГГ (9),Обрыв цепи аналогового датчика
29.01.2018,10:12:50.480,Снялось,Обрыв ан.датч.: Т газа за ГГ (9),Обрыв цепи аналогового датчика
29.01.2018,10:12:51.077,Автоквитирование,Обрыв ан.датч.: Т газа за ГГ (9),Обрыв цепи аналогового датчика
29.01.2018,10:12:51.078,Пришло,Обрыв ан.датч.: Т газа за ГГ (9),Обрыв цепи аналогового датчика
29.01.2018,10:12:51.277,Снялось,Обрыв ан.датч.: Т газа за ГГ (9),Обрыв цепи аналогового датчика
29.01.2018,10:12:51.479,Автоквитирование,Обрыв ан.датч.: Т газа за ГГ (9),Обрыв цепи аналогового датчика
29.01.2018,10:12:51.480,Пришло,Обрыв ан.датч.: Т газа за ГГ (9),Обрыв цепи аналогового датчика
29.01.2018,10:12:52.026,Заквитировано,Обрыв ан.датч.: Т газа за ГГ (9),Обрыв цепи аналогового датчика
29.01.2018,10:12:52.480,Снялось,Обрыв ан.датч.: Т газа за ГГ (9),Обрыв цепи аналогового датчика
29.01.2018,10:12:52.879,Пришло,Обрыв ан.датч.: Т газа за ГГ (9),Обрыв цепи аналогового датчика
29.01.2018,10:12:52.179,Пришло,Обрыв цепи аналогового датчика,Предупредительное обобщенное сообщение контроля САУ
29.01.2018,10:12:52.976,Заквитировано,Обрыв цепи аналогового датчика,Предупредительное обобщенное сообщение контроля САУ
29.01.2018,10:12:53.077,Снялось,Обрыв ан.датч.: Т газа за ГГ (9),Обрыв цепи аналогового датчика
29.01.2018,10:12:53.480,Автоквитирование,Обрыв ан.датч.: Т газа за ГГ (9),Обрыв цепи аналогового датчика
29.01.2018,10:12:53.481,Пришло,Обрыв ан.датч.: Т газа за ГГ (9),Обрыв цепи аналогового датчика
29.01.2018,10:12:53.677,Снялось,Обрыв ан.датч.: Т газа за ГГ (9),Обрыв цепи аналогового датчика
29.01.2018,10:12:53.879,Автоквитирование,Обрыв ан.датч.: Т газа за ГГ (9),Обрыв цепи аналогового датчика
29.01.2018,10:12:53.880,Пришло,Обрыв ан.датч.: Т газа за ГГ (9),Обрыв цепи аналогового датчика
29.01.2018,10:12:54.077,Снялось,Обрыв ан.датч.: Т газа за ГГ (9),Обрыв цепи аналогового датчика
29.01.2018,10:12:54.283,Заквитировано,Обрыв ан.датч.: Т газа за ГГ (9),Обрыв цепи аналогового датчика
29.01.2018,10:12:54.481,Пришло,Обрыв ан.датч.: Т газа за ГГ (9),Обрыв цепи аналогового датчика
29.01.2018,10:12:54.879,Снялось,Обрыв ан.датч.: Т газа за ГГ (9),Обрыв цепи аналогового датчика
29.01.2018,10:12:55.076,Автоквитирование,Обрыв ан.датч.: Т газа за ГГ (9),Обрыв цепи аналогового датчика
29.01.2018,10:12:55.077,Пришло,Обрыв ан.датч.: Т газа за ГГ (9),Обрыв цепи аналогового датчика
29.01.2018,10:12:55.276,Снялось,Обрыв ан.датч.: Т газа за ГГ (9),Обрыв цепи аналогового датчика
29.01.2018,10:12:55.479,Автоквитирование,Обрыв ан.датч.: Т газа за ГГ (9),Обрыв цепи аналогового датчика
29.01.2018,10:12:55.480,Пришло,Обрыв ан.датч.: Т газа за ГГ (9),Обрыв цепи аналогового датчика
29.01.2018,10:12:55.677,Снялось,Обрыв ан.датч.: Т газа за ГГ (9),Обрыв цепи аналогового датчика
29.01.2018,10:12:55.539,Пришло,Обрыв цепи аналогового датчика,Предупредительное обобщенное сообщение контроля САУ
29.01.2018,10:12:56.075,Автоквитирование,Обрыв ан.датч.: Т газа за ГГ (9),Обрыв цепи аналогового датчика
29.01.2018,10:12:56.076,Пришло,Обрыв ан.датч.: Т газа за ГГ (9),Обрыв цепи аналогового датчика
29.01.2018,10:12:56.479,Снялось,Обрыв ан.датч.: Т газа за ГГ (9),Обрыв цепи аналогового датчика
29.01.2018,10:12:57.879,Автоквитирование,Обрыв ан.датч.: Т газа за ГГ (9),Обрыв цепи аналогового датчика
29.01.2018,10:12:57.880,Пришло,Обрыв ан.датч.: Т газа за ГГ (9),Обрыв цепи аналогового датчика
29.01.2018,10:12:58.077,Снялось,Обрыв ан.датч.: Т газа за ГГ (9),Обрыв цепи аналогового датчика
29.01.2018,10:12:58.930,Заквитировано,Обрыв цепи аналогового датчика,Предупредительное обобщенное сообщение контроля САУ
29.01.2018,10:12:59.096,Заквитировано,Обрыв ан.датч.: Т газа за ГГ (9),Обрыв цепи аналогового датчика
29.01.2018,10:12:59.880,Пришло,Обрыв ан.датч.: Т газа за ГГ (9),Обрыв цепи аналогового датчика
29.01.2018,10:13:00.077,Снялось,Обрыв ан.датч.: Т газа за ГГ (9),Обрыв цепи аналогового датчика
29.01.2018,10:13:00.676,Автоквитирование,Обрыв ан.датч.: Т газа за ГГ (9),Обрыв цепи аналогового датчика
29.01.2018,10:13:00.677,Пришло,Обрыв ан.датч.: Т газа за ГГ (9),Обрыв цепи аналогового датчика
29.01.2018,10:13:00.881,Снялось,Обрыв ан.датч.: Т газа за ГГ (9),Обрыв цепи аналогового датчика
29.01.2018,10:13:00.539,Пришло,Обрыв цепи аналогового датчика,Предупредительное обобщенное сообщение контроля САУ
29.01.2018,10:13:01.676,Автоквитирование,Обрыв ан.датч.: Т газа за ГГ (9),Обрыв цепи аналогового датчика
29.01.2018,10:13:01.677,Пришло,Обрыв ан.датч.: Т газа за ГГ (9),Обрыв цепи аналогового датчика
29.01.2018,10:13:01.881,Снялось,Обрыв ан.датч.: Т газа за ГГ (9),Обрыв цепи аналогового датчика
29.01.2018,10:13:02.878,Автоквитирование,Обрыв ан.датч.: Т газа за ГГ (9),Обрыв цепи аналогового датчика
29.01.2018,10:13:02.879,Пришло,Обрыв ан.датч.: Т газа за ГГ (9),Обрыв цепи аналогового датчика
29.01.2018,10:13:03.076,Снялось,Обрыв ан.датч.: Т газа за ГГ (9),Обрыв цепи аналогового датчика
29.01.2018,10:13:04.276,Автоквитирование,Обрыв ан.датч.: Т газа за ГГ (9),Обрыв цепи аналогового датчика
29.01.2018,10:13:04.277,Пришло,Обрыв ан.датч.: Т газа за ГГ (9),Обрыв цепи аналогового датчика
29.01.2018,10:13:04.480,Снялось,Обрыв ан.датч.: Т газа за ГГ (9),Обрыв цепи аналогового датчика
29.01.2018,10:13:05.075,Автоквитирование,Обрыв ан.датч.: Т газа за ГГ (9),Обрыв цепи аналогового датчика
29.01.2018,10:13:05.076,Пришло,Обрыв ан.датч.: Т газа за ГГ (9),Обрыв цепи аналогового датчика
29.01.2018,10:13:05.277,Снялось,Обрыв ан.датч.: Т газа за ГГ (9),Обрыв цепи аналогового датчика
29.01.2018,10:13:05.676,Автоквитирование,Обрыв ан.датч.: Т газа за ГГ (9),Обрыв цепи аналогового датчика
29.01.2018,10:13:05.677,Пришло,Обрыв ан.датч.: Т газа за ГГ (9),Обрыв цепи аналогового датчика
29.01.2018,10:13:06.078,Снялось,Обрыв ан.датч.: Т газа за ГГ (9),Обрыв цепи аналогового датчика
29.01.2018,10:13:06.878,Автоквитирование,Обрыв ан.датч.: Т газа за ГГ (9),Обрыв цепи аналогового датчика
29.01.2018,10:13:06.879,Пришло,Обрыв ан.датч.: Т газа за ГГ (9),Обрыв цепи аналогового датчика
29.01.2018,10:13:07.476,Снялось,Обрыв ан.датч.: Т газа за ГГ (9),Обрыв цепи аналогового датчика
29.01.2018,10:13:07.876,Автоквитирование,Обрыв ан.датч.: Т газа за ГГ (9),Обрыв цепи аналогового датчика
29.01.2018,10:13:07.877,Пришло,Обрыв ан.датч.: Т газа за ГГ (9),Обрыв цепи аналогового датчика
29.01.2018,10:13:08.273,Снялось,Обрыв ан.датч.: Т газа за ГГ (9),Обрыв цепи аналогового датчика
29.01.2018,10:13:08.475,Автоквитирование,Обрыв ан.датч.: Т газа за ГГ (9),Обрыв цепи аналогового датчика
29.01.2018,10:13:08.476,Пришло,Обрыв ан.датч.: Т газа за ГГ (9),Обрыв цепи аналогового датчика
29.01.2018,10:13:08.748,Пришло,PULT1. оператор: Команда "Ремонт: Т газа за ГГ (9), °С",Команды оператора
29.01.2018,10:13:08.677,Пришло,Ремонт: Т газа за ГГ (9),Прочие сообщения
29.01.2018,10:13:09.704,Пришло,Ремонт аналоговых каналов,Фаза технологического процесса
29.01.2018,10:13:10.682,Заквитировано,Обрыв цепи аналогового датчика,Предупредительное обобщенное сообщение контроля САУ
29.01.2018,10:13:11.576,Заквитировано,Обрыв ан.датч.: Т газа за ГГ (9),Обрыв цепи аналогового датчика
29.01.2018,10:13:47.699,Пришло,Огр. по мин. помпажному запасу,Предупреждение
29.01.2018,10:13:50.075,Заквитировано,Огр. по мин. помпажному запасу,Предупреждение
29.01.2018,10:13:51.907,Пришло,Кран 6р не закрыт в Магистрали,Предпусковые условия
29.01.2018,10:13:51.894,Пришло,Кран 6р не закрыт в Магистрали,Предупреждение
29.01.2018,10:13:51.869,Снялось,Кран № 6р (АПК) закрыт,Вход
29.01.2018,10:13:55.641,Заквитировано,Кран 6р не закрыт в Магистрали,Предупреждение
29.01.2018,10:14:05.699,Снялось,Огр. по мин. помпажному запасу,Предупреждение
29.01.2018,10:14:27.323,Снялось,Кран 6р не закрыт в Магистрали,Предупреждение
29.01.2018,10:14:27.299,Пришло,Кран № 6р (АПК) закрыт,Вход
29.01.2018,10:14:27.337,Снялось,Кран 6р не закрыт в Магистрали,Предпусковые условия
29.01.2018,10:14:36.902,Снялось,Конц. метана после 2 ст. СГУ заднего  выс.,Вход
29.01.2018,10:17:18.562,Изменен,PULT1. оператор: 150 -> 170 : "Задание на dPгаз-газ, кПа",Изменение настроек
29.01.2018,10:19:34.891,Пришло,Электронагреватели 2 секции укр. кр. № 1 вкл.,Вход
29.01.2018,10:19:34.891,Пришло,Электронагреватели 1 секции укр. кр. № 1 вкл.,Вход
29.01.2018,10:19:34.692,Пришло,Включить 1 секцию электронагревателей укрытия кранов № 1,Выход
29.01.2018,10:19:34.692,Пришло,Включить 2 секцию электронагревателей укрытия кранов № 1,Выход
29.01.2018,10:19:45.089,Пришло,Конц. метана после 2 ст. СГУ заднего  выс.,Вход
29.01.2018,10:27:04.300,Снялось,Конц. метана после 2 ст. СГУ заднего  выс.,Вход
29.01.2018,10:34:03.334,Нажата кнопка,КВОД5 включить,Кнопка
29.01.2018,10:41:09.539,Снялось,Включить 2 секцию электронагревателей укрытия кранов № 1,Выход
29.01.2018,10:41:09.733,Снялось,Электронагреватели 2 секции укр. кр. № 1 вкл.,Вход
29.01.2018,10:41:09.733,Снялось,Электронагреватели 1 секции укр. кр. № 1 вкл.,Вход
29.01.2018,10:41:09.539,Снялось,Включить 1 секцию электронагревателей укрытия кранов № 1,Выход
29.01.2018,10:53:32.386,Снялось,УПС не готова к пуску,Предупреждение
29.01.2018,10:53:32.363,Снялось,Нет готовности УПС к пуску,Вход
29.01.2018,10:58:53.162,Пришло,Нет готовности УПС к пуску,Вход
29.01.2018,10:58:53.988,Пришло,УПС не готова к пуску,Предупреждение
29.01.2018,10:59:02.787,Снялось,УПС не готова к пуску,Предупреждение
29.01.2018,10:59:02.764,Снялось,Нет готовности УПС к пуску,Вход
29.01.2018,10:59:26.757,Заквитировано,УПС не готова к пуску,Предупреждение
29.01.2018,11:01:12.555,Изменен,PULT1. оператор: 5.00 -> 0.00 : "АВОМН вых: Уставка температуры разогрева секции",Изменение настроек
29.01.2018,11:01:46.370,Изменен,PULT1. оператор: 70.0 -> 75.0 : "Задание на ВБВО1  в ДУ, %",Изменение настроек
29.01.2018,11:02:01.429,Изменен,PULT1. оператор: 30.0 -> 75.0 : "Задание на ВБВО2  в ДУ, %",Изменение настроек
29.01.2018,11:02:04.982,Нажата кнопка,ДУ ВБВО1 выключить,Кнопка
29.01.2018,11:02:05.192,Снялось,ВБВО1 в ДУ,Прочие сообщения
29.01.2018,11:02:27.776,Снялось,АВОМН Режим  "Охлаждение",Вход
29.01.2018,11:02:27.776,Пришло,АВОМН режим "Нагрев",Вход
29.01.2018,11:02:29.007,Пришло,АВОМН: Нагрев,Прочие сообщения
29.01.2018,11:02:29.007,Снялось,АВОМН: Охлаждение,Прочие сообщения
29.01.2018,11:02:35.776,Пришло,Конц. метана после 2 ст. СГУ заднего  выс.,Вход
29.01.2018,11:02:41.402,Пришло,Пониженная температура масла на выходе АВОМК,Предупреждение
29.01.2018,11:02:43.934,Заквитировано,Пониженная температура масла на выходе АВОМК,Предупреждение
29.01.2018,11:03:07.630,Снялось,Пониженная температура масла на выходе АВОМК,Предупреждение
29.01.2018,11:04:51.997,Снялось,Конц. метана после 2 ст. СГУ заднего  выс.,Вход
29.01.2018,11:05:06.795,Пришло,АВОМН Режим  "Охлаждение",Вход
29.01.2018,11:05:06.795,Снялось,АВОМН режим "Нагрев",Вход
29.01.2018,11:05:08.209,Снялось,АВОМН: Нагрев,Прочие сообщения
29.01.2018,11:05:08.209,Пришло,АВОМН: Охлаждение,Прочие сообщения
29.01.2018,11:06:55.794,Снялось,Ремонт: Конц. метана после 2 ст. СГУ переднего выс.,Прочие сообщения
29.01.2018,11:06:55.794,Снялось,Ремонт: Конц. метана после 2 ст. СГУ заднего  выс.,Прочие сообщения
29.01.2018,11:06:55.823,Снялось,Ремонт дискретных каналов,Фаза технологического процесса
29.01.2018,11:08:14.982,Пришло,Конц. метана после 2 ст. СГУ заднего  выс.,Вход
29.01.2018,11:08:19.984,Снялось,Включить ПОС ГТУ,Выход
29.01.2018,11:08:19.999,Пришло,ВОсс,Сообщение об изменении режима работы агрегата
29.01.2018,11:08:19.999,Снялось,Магистраль,Сообщение об изменении режима работы агрегата
29.01.2018,11:08:20.013,Пришло,Высокая конц. метана за 2ой ст. СГУ (ст. обслуживания),Авария
29.01.2018,11:08:20.020,Пришло,Запись архива останова,Фаза технологического процесса
29.01.2018,11:08:20.021,Снялось,Условия обледенения ГТУ,Фаза технологического процесса
29.01.2018,11:08:20.021,Пришло,АУ УТО включено,Фаза технологического процесса
29.01.2018,11:08:20.212,Пришло,Переход М->К,Режимное сообщение
29.01.2018,11:08:20.213,Снялось,Режим магистраль,Режимное сообщение
29.01.2018,11:08:20.782,Пришло,Закрыть задвижку подогрева циклового воздуха (ЗПЦВ),Выход
29.01.2018,11:08:20.819,Снялось,Условия обледенения ВОУ,Фаза технологического процесса
29.01.2018,11:08:22.180,Снялось,Кран № 6р (АПК) закрыт,Вход
29.01.2018,11:08:26.182,Снялось,ПОС включена,Вход
29.01.2018,11:08:26.182,Снялось,Задвижка подогр. циклового воздуха (ЗПЦВ) открыта,Вход
29.01.2018,11:08:26.368,Заквитировано,Высокая конц. метана за 2ой ст. СГУ (ст. обслуживания),Авария
29.01.2018,11:08:26.818,Снялось,Работает ПОС ВОУ,Фаза технологического процесса
29.01.2018,11:08:32.982,Снялось,Конц. метана после 2 ст. СГУ заднего  выс.,Вход
29.01.2018,11:08:53.983,Снялось,Конц. метана в лин. сбр. после 2 ст. СГУ задней опоры повыш.,Вход
29.01.2018,11:08:54.007,Снялось,Повыш. конц. метана за 2ой ст. СГУ (ст. обслуживания),Предупреждение
29.01.2018,11:09:08.783,Пришло,Задвижка подогр. циклового воздуха (ЗПЦВ) закрыта,Вход
29.01.2018,11:09:11.587,Снялось,Закрыть задвижку подогрева циклового воздуха (ЗПЦВ),Выход
29.01.2018,11:09:37.585,Пришло,Кран № 6р (АПК) открыт,Вход
29.01.2018,11:09:37.784,Пришло,Кран № 2 закрыть,Выход
29.01.2018,11:09:39.383,Снялось,Кран № 2 открыт,Вход
29.01.2018,11:09:44.585,Пришло,Кран № 2 закрыт,Вход
29.01.2018,11:09:44.812,Снялось,Контур стабилизации СТ,Прочие сообщения
29.01.2018,11:09:44.812,Пришло,Контур n с точкой на запуске,Прочие сообщения
29.01.2018,11:09:44.814,Пришло,Охлаждение Д,Режимное сообщение
29.01.2018,11:09:45.021,Снялось,Переход М->К,Режимное сообщение
29.01.2018,11:09:47.384,Снялось,Кран № 2 закрыть,Выход
29.01.2018,11:09:57.414,Снялось,Контур n с точкой на запуске,Прочие сообщения
29.01.2018,11:10:13.192,Пришло,Включить электронагреватели блока пожаротушения (ЭНБП),Выход
29.01.2018,11:10:13.390,Пришло,Электронагреватели ЭНБП блока пожаротушения  включены,,Вход
29.01.2018,11:10:34.219,Пришло,Контур ограничения ГГ на мин. режиме,Прочие сообщения
29.01.2018,11:10:34.426,Снялось,Охлаждение Д,Режимное сообщение
29.01.2018,11:10:34.429,Пришло,Охлаждение Д,Фаза технологического процесса
29.01.2018,11:10:34.821,Пришло,Двигатель на малом газу,Режимное сообщение
29.01.2018,11:13:08.802,Снялось,Ремонт: Т газа за ГГ (9),Прочие сообщения
29.01.2018,11:13:08.829,Снялось,Ремонт аналоговых каналов,Фаза технологического процесса
